First Name,Last Name,Email,Username,Role,Date of Birth
Heidi,Bartell,bartell_heidi@kuvalis-lowe.co,heidi.bartell,admin,06 Sep 1997
Richie,Wisoky,wisoky_richie@grimes-collins.name,richie.wisoky,user,08 Aug 1998
Corey,Brown,corey_brown@toy-maggio.io,corey.brown,admin,23 Apr 1975
Shawn,Bosco,bosco.shawn@nolan.com,shawn_bosco,user,28 Dec 1961
Thelma,Runolfsson,runolfsson.thelma@sporer.info,thelma_runolfsson,user,07 Mar 1968
Coleman,Schaefer,coleman.schaefer@dickinson.io,schaefer_coleman,user,31 Mar 1981
Isaac,Nikolaus,nikolaus_isaac@pfeffer.net,nikolaus.isaac,user,07 Mar 1980
Leon,Runolfsson,leon_runolfsson@bode.com,runolfsson_leon,user,25 Jul 1972
Kelley,Nader,nader_kelley@bashirian.io,kelley.nader,admin,19 Jan 1993
Magaret,Armstrong,armstrong_magaret@hoppe.com,magaret.armstrong,admin,17 Jul 1999
Haywood,Bartoletti,haywood.bartoletti@schneider.biz,bartoletti.haywood,user,02 Jul 2002
Scot,Ebert,ebert.scot@gusikowski.org,scot.ebert,admin,13 Apr 1997
Matilde,Bradtke,bradtke_matilde@gulgowski.name,matilde_bradtke,admin,02 May 2003
Melani,Swift,swift_melani@prohaska-dickens.com,melani_swift,user,11 Jun 1982
Beatriz,Moen,moen.beatriz@halvorson.co,beatriz_moen,admin,02 Aug 2002
Peter,Cruickshank,peter.cruickshank@wiza-vandervort.org,cruickshank_peter,user,27 Feb 1984
Hobert,Strosin,hobert_strosin@ondricka.biz,strosin_hobert,user,26 Jun 1989
Johnson,Berge,berge_johnson@bradtke-walker.org,berge_johnson,admin,01 Dec 1997
Kristofer,Nikolaus,kristofer.nikolaus@muller-runolfsdottir.info,nikolaus.kristofer,user,31 Oct 1992
Tessie,Bernhard,tessie_bernhard@goodwin.biz,tessie_bernhard,admin,14 Nov 1985
Blondell,Dach,dach_blondell@mckenzie.biz,dach.blondell,user,03 Jun 2003
Devona,McClure,devona_mcclure@gleichner.io,mcclure_devona,user,23 Sep 1980
Digna,Hirthe,hirthe.digna@barton.org,hirthe_digna,user,06 Jul 1962
Emery,Pfeffer,pfeffer.emery@swift-gutkowski.net,emery_pfeffer,user,25 Nov 1977
Sachiko,Harris,sachiko.harris@moen-kuphal.net,harris.sachiko,user,18 Aug 1966
Fonda,Kulas,kulas_fonda@rau-ernser.io,kulas.fonda,user,03 Oct 1960
Marshall,Rutherford,marshall.rutherford@nolan.io,rutherford.marshall,user,18 May 1964
Darby,Armstrong,armstrong_darby@goyette-williamson.co,armstrong_darby,admin,24 Oct 1962
Loyd,Kshlerin,kshlerin.loyd@mante.info,loyd_kshlerin,admin,09 May 1995
Bonny,Leuschke,bonny_leuschke@reynolds.net,bonny_leuschke,admin,20 Feb 1962
Paris,Emard,paris_emard@weissnat.name,emard.paris,user,21 Sep 2001
Sean,Blanda,sean.blanda@ohara-parker.name,blanda.sean,user,27 Nov 1979
Martin,Kuhlman,martin_kuhlman@roob-jacobson.info,martin.kuhlman,user,17 Feb 1970
Trent,Balistreri,balistreri.trent@reilly.name,balistreri.trent,admin,05 Apr 1974
Chase,Kuhlman,kuhlman_chase@kozey-senger.net,kuhlman_chase,user,22 Feb 1988
Emilie,Grimes,grimes.emilie@howe-morar.info,emilie_grimes,user,28 Oct 1994
Ima,Harber,harber_ima@nienow-mraz.net,harber.ima,user,03 Aug 1985
Giselle,Wiegand,giselle_wiegand@pagac.info,giselle.wiegand,admin,25 Nov 2002
Alyse,Boyer,boyer.alyse@hintz-marks.org,alyse_boyer,user,04 Nov 1965
Scott,Ryan,scott.ryan@stroman.name,scott.ryan,admin,26 Oct 1970
Catharine,Bruen,catharine.bruen@lockman.name,catharine_bruen,user,01 May 2006
Royal,Moen,moen_royal@wehner-marks.com,moen.royal,admin,16 Mar 2005
Jasper,Luettgen,luettgen_jasper@glover-ritchie.biz,jasper.luettgen,admin,29 Aug 1995
Felton,Kohler,felton.kohler@marquardt.co,kohler_felton,admin,15 Jan 1993
Gale,Welch,welch_gale@kuhlman-koepp.net,gale.welch,admin,25 Apr 2004
Eddie,Cremin,eddie_cremin@rodriguez.net,cremin_eddie,admin,03 Jul 2005
Jolanda,Daugherty,jolanda_daugherty@boehm.co,jolanda.daugherty,user,01 Dec 1995
Arnulfo,Fritsch,fritsch_arnulfo@schoen-considine.net,arnulfo_fritsch,admin,31 Jan 1989
Tyrell,Willms,willms_tyrell@barton.io,tyrell.willms,admin,04 Jan 1979
Tomas,Brown,brown.tomas@gorczany.com,brown.tomas,admin,08 Jul 1988
Dustin,Rolfson,dustin.rolfson@brown-abbott.org,dustin_rolfson,user,18 May 1969
Len,Ruecker,ruecker.len@dietrich.org,ruecker.len,admin,23 Dec 1964
Hipolito,Wehner,hipolito.wehner@monahan.net,wehner.hipolito,user,23 Jan 1971
Rigoberto,Brekke,brekke.rigoberto@reichert.co,rigoberto_brekke,admin,24 Jul 1970
Rosia,Turner,rosia.turner@rodriguez.info,rosia.turner,admin,06 Mar 1980
Jacques,Conroy,jacques.conroy@legros.name,conroy.jacques,admin,01 Aug 1982
Versie,Ortiz,ortiz.versie@zemlak-flatley.info,ortiz.versie,user,06 Jan 1990
Mario,Morar,mario_morar@feest.biz,morar.mario,user,29 Oct 1984
